Property_ID,City,Price,Area_SqFt,Bedrooms,Bathrooms,Proximity_to_Center,Year_Built,Garage
1,San Antonio,770688,4509,1,2,18.328410890641326,1914,1
2,Houston,288014,1894,2,4,12.708287137238196,1988,1
3,San Diego,191751,4781,1,2,12.596413088694154,1986,1
4,Phoenix,330203,1769,5,2,8.064212663676456,1959,0
5,San Antonio,913738,4214,4,3,15.047957646075758,1921,1
6,San Jose,795275,1029,2,3,10.625880367018638,1962,1
7,Chicago,923651,4123,3,5,13.548761424565889,1989,0
8,San Antonio,1360527,3458,3,4,8.56915807697591,1996,0
9,San Diego,1653731,3414,4,3,14.62992928086278,1974,1
10,Phoenix,295716,4091,2,1,16.48943035209098,1973,1
11,Houston,684567,2647,1,4,2.9287251320563223,1924,0
12,San Diego,415172,3869,1,4,16.65859431148456,2000,1
13,San Diego,990695,1439,5,3,10.805930635806146,1947,0
14,Chicago,100126,1025,5,4,16.893318181804485,1942,1
15,Philadelphia,938761,501,1,3,8.626034126820292,2016,0
16,Phoenix,1176208,874,3,2,7.5808097076607,1937,1
17,Los Angeles,600315,2840,3,5,18.30121465034445,1940,0
18,San Diego,1869246,4505,5,2,5.0233853509680255,1944,0
19,Philadelphia,1258521,3552,4,3,16.884246505722864,1987,0
20,Los Angeles,417320,2865,1,3,9.680411450188082,1939,0
21,Phoenix,1399445,2025,5,2,10.281908851025195,2009,0
22,New York,841426,4976,5,1,6.169365629789681,2019,1
23,San Jose,598716,2146,1,1,11.460844012380313,1996,1
24,Philadelphia,1143917,513,1,1,6.504223925524226,1916,0
25,Dallas,1323975,2778,3,3,0.7853882848330462,1987,1
26,New York,562120,3655,4,4,5.4399721068871205,2000,1
27,San Jose,1283445,629,4,3,0.12758086813181357,1956,1
28,Chicago,278954,4314,1,4,19.567095741137134,1901,1
29,San Antonio,769078,3716,2,2,19.31494419639495,1995,1
30,Houston,1183136,3438,5,5,7.9031059494461005,2020,1
31,Dallas,384260,4428,5,4,14.56741708679292,1961,0
32,Chicago,232717,2540,1,1,6.9161219682085,1987,1
33,Phoenix,1327171,527,2,3,13.421863141719522,1908,1
34,Chicago,748373,2613,3,2,16.10860086091958,1967,1
35,San Antonio,479862,1752,1,1,18.935124893844815,1980,0
36,Phoenix,1954264,4856,1,2,8.00424551699344,1916,1
37,Dallas,594592,2546,5,5,15.665959659120954,2016,1
38,San Antonio,1248734,4523,1,3,5.318569012642376,1949,1
39,Los Angeles,1857109,4896,1,3,19.806646075872965,2011,0
40,Houston,1317078,3874,1,5,0.5153919752870229,1993,1
41,Dallas,1581074,3966,5,3,12.070576130022419,1939,0
42,Los Angeles,430388,3581,3,4,13.190119633026542,1957,1
43,San Jose,1815630,4278,3,2,13.760911141482577,1974,0
44,Dallas,418408,1129,1,1,2.4077515757817802,1984,0
45,San Jose,568276,769,5,5,18.770595669462608,1920,0
46,Phoenix,1114920,3139,3,4,3.623665581001656,1917,1
47,Los Angeles,157545,2493,3,1,12.455068064796821,1954,0
48,Houston,611411,3391,3,1,4.453521582461699,1928,0
49,San Antonio,925656,3932,5,5,6.144328340425417,1923,0
50,San Diego,1120020,1780,5,4,10.929170834562488,1973,0
51,Chicago,984377,2860,1,1,8.34386837129153,2008,1
52,New York,113224,1075,4,1,3.2045120195301258,1916,1
53,Houston,140738,1807,3,4,3.4187280484169658,1917,1
54,Los Angeles,1042654,3692,4,3,8.362895763255993,1941,1
55,San Diego,1998739,3678,5,1,15.145659565510014,2011,0
56,Houston,1329336,3234,5,2,17.95929293695577,1983,1
57,Los Angeles,1117433,2712,5,4,1.6825532451876568,2000,0
58,Philadelphia,1912554,2852,4,1,7.862078151188021,1944,1
59,Philadelphia,566725,4068,5,5,2.0049112744575326,1981,1
60,San Jose,763937,2155,1,2,0.33184961265195767,1916,1
61,Houston,1680934,2079,5,1,13.234373652879132,1972,0
62,Philadelphia,1274737,2703,2,2,12.048988839331756,1913,1
63,Los Angeles,1681530,1890,4,2,3.260382276297724,1948,1
64,San Jose,944193,2242,2,3,4.676256661861283,1928,1
65,Los Angeles,398512,2425,5,2,0.4741550728903676,1994,0
66,San Jose,762143,1119,1,3,16.698944113888075,1903,1
67,Houston,666202,1774,3,4,19.49381192097103,1981,1
68,San Diego,1350155,1456,5,3,2.709190735893816,2022,0
69,San Antonio,752026,2439,1,5,4.629504275305962,1919,0
70,Dallas,1096530,4453,4,1,17.36819047893868,2019,1
71,San Diego,871253,2881,2,4,18.529275959123698,2019,1
72,Phoenix,604471,1468,2,4,8.392547656136207,1946,1
73,Los Angeles,1478246,1816,2,5,1.0124494453814825,2006,0
74,Phoenix,906388,1543,4,3,0.787836673856388,2007,0
75,San Diego,1367543,781,1,1,11.47899732138021,1908,0
76,San Jose,1981248,3344,4,3,7.857902177863581,1976,1
77,Dallas,483152,1558,2,2,0.5730485515530903,1978,0
78,Dallas,1054652,4793,5,3,11.665047846251134,1926,1
79,New York,194270,3032,3,4,0.22605073178044943,1914,0
80,Dallas,1145482,4328,4,1,15.74743916298546,1991,0
81,San Antonio,1939765,1508,4,3,6.128656454067432,2000,0
82,Dallas,1691961,1729,1,1,0.805160060184642,2018,1
83,San Diego,1814331,1535,1,1,11.767044419663065,1918,1
84,New York,1295889,775,4,2,7.953688288661094,1989,1
85,San Diego,258768,3240,2,2,19.47600826714299,1951,1
86,San Diego,1395302,2789,3,4,10.883973250074044,1925,0
87,Chicago,670451,1739,1,5,5.504783620740166,1988,1
88,New York,119816,625,2,1,14.188777292679495,1925,0
89,San Diego,1067344,4565,5,5,5.429840050854226,1925,1
90,Chicago,857907,4812,1,4,18.0848658281513,1945,1
91,Chicago,414997,4368,2,1,7.494439410147528,1991,0
92,New York,1304565,1708,2,1,10.997371255524104,1948,0
93,Phoenix,1769595,3749,3,5,1.0114620764845772,1981,1
94,San Jose,1825502,1418,3,3,8.522424759044615,1995,1
95,San Antonio,1355100,4423,5,2,16.6472707932199,1952,0
96,San Jose,1735687,4903,2,3,16.11297610726684,1902,0
97,Dallas,1138896,2469,2,5,4.4863711770705255,1965,0
98,San Antonio,1300454,3293,3,2,4.521581420211254,1996,0
99,Dallas,830880,1391,1,3,16.346106244264735,1941,0
100,San Diego,1674623,4970,1,2,18.60796840338651,1918,1
101,Los Angeles,881452,2533,4,1,1.907218425460071,1916,1
102,New York,1583741,1864,3,3,9.001172788524505,2007,1
103,San Antonio,233554,628,4,2,6.749085579284579,1932,1
104,San Antonio,1959450,1514,3,2,17.413769109148788,1975,0
105,San Diego,551282,2299,5,2,1.6704982936003754,1948,0
106,Phoenix,1242077,2018,2,3,4.222518851160748,1955,0
107,Chicago,364223,4681,5,4,15.049366751729886,1962,1
108,San Diego,1208252,1698,3,3,1.0258769796243117,1902,0
109,Philadelphia,1890380,4373,2,5,9.850707614285785,2006,0
110,Chicago,1322108,2974,1,3,8.8421406935944,1948,1
111,New York,1763261,3985,1,2,6.688023579774973,1954,1
112,Chicago,697135,4549,4,1,7.891446306378476,1925,1
113,Phoenix,1766471,4219,3,3,10.59881173860466,1998,0
114,Chicago,320178,802,3,3,3.2273471677676624,1971,0
115,New York,1298097,4452,1,2,11.439917565671855,1951,1
116,Phoenix,526752,1486,5,1,16.108646585999725,1999,1
117,San Jose,688365,2363,2,1,15.20321859580318,2016,0
118,San Antonio,924690,4940,5,5,3.0779980938754736,2017,1
119,San Antonio,803662,3572,5,3,2.984989394829478,1906,0
120,Dallas,1405585,3624,1,1,5.3634873548982664,1945,1
121,San Jose,1286293,1827,1,1,7.221494526820744,1945,1
122,San Jose,1530491,2908,1,4,8.169111628169652,1999,1
123,Chicago,662288,4173,4,4,13.593944336666905,1915,0
124,San Antonio,1699601,3791,5,1,1.133608643316708,1923,0
125,New York,1946493,4533,3,5,0.6934540845213277,1960,1
126,Houston,400709,1203,2,1,7.8382112588781805,1953,0
127,Houston,1043026,1074,4,2,13.94327384275961,1961,1
128,Phoenix,1334816,3732,3,3,3.8687068591296514,1900,1
129,San Antonio,1725351,3132,5,5,12.830089625125034,1948,0
130,San Antonio,1423062,4328,1,2,5.196562758805989,1924,0
131,Houston,1451526,3730,5,5,17.721722176270326,1909,0
132,San Antonio,1459490,988,2,2,17.91379888533233,2017,0
133,Chicago,1227199,1847,4,3,5.945744085626529,1979,1
134,Philadelphia,1513897,4181,4,3,4.599875079264811,1915,0
135,Los Angeles,1117289,3673,2,4,8.226079441324625,1957,0
136,San Jose,1007425,2167,3,2,4.810631703602974,1971,1
137,Dallas,283675,2137,3,4,13.447676865834072,1928,1
138,Phoenix,1885910,4614,4,2,16.52129369096571,2002,1
139,Philadelphia,1778811,4053,4,4,13.46184261822434,1991,1
140,Houston,1961407,1500,1,3,16.48700894498699,1905,0
141,San Jose,752465,1350,3,5,7.939843244149483,1915,0
142,San Antonio,1365030,1888,2,4,3.126339414177217,1919,1
143,Dallas,1098748,4212,3,2,14.759018947951843,1979,1
144,San Antonio,1258151,1867,1,2,7.209490102831078,1970,0
145,New York,1133024,1321,4,3,13.42541650458265,2004,0
146,New York,1356182,954,4,2,5.412878839635313,1977,0
147,Dallas,605815,2124,1,1,1.6245926961334534,1942,0
148,Dallas,1441398,3272,2,5,19.851635909755267,1925,0
149,Houston,176218,4226,4,4,3.1240301586119856,1989,1
150,Dallas,687518,3647,5,5,19.768419879269622,1977,1
151,Chicago,870044,4589,4,3,19.545598651328945,1970,1
152,San Antonio,1484775,2690,5,4,15.876362078160792,1932,1
153,Philadelphia,549589,1416,1,4,13.18845924163995,1925,0
154,San Diego,1835416,4486,1,1,11.556141005021694,2020,1
155,Dallas,578446,3375,4,3,17.322030907556695,1944,0
156,Phoenix,562052,1940,3,2,5.788790432389758,1983,0
157,New York,1482978,4900,5,1,9.35362424969754,1962,0
158,Chicago,1188562,1235,2,1,12.387799387330038,1966,0
159,San Jose,1828096,4068,4,5,8.223809517389821,1951,0
160,San Diego,447739,3838,2,5,8.54972908180536,1967,0
161,Philadelphia,1774222,3515,4,5,6.605693350041689,1925,0
162,San Diego,572327,3389,3,1,11.28463633369072,1974,1
163,Dallas,1475649,1461,3,2,17.01149056030232,1901,0
164,Houston,697794,3489,3,4,4.030567560126257,1913,1
165,New York,134911,4348,3,5,18.68866077506883,2007,1
166,New York,525037,1526,1,2,13.781753074964593,1929,0
167,San Jose,830399,4365,1,3,16.465464253600604,1948,0
168,Houston,1078039,3363,5,5,11.123813852600232,1911,1
169,San Antonio,999885,3001,2,4,15.59033402848127,1989,1
170,Los Angeles,708746,2447,4,3,0.3240079467893442,1943,1
171,Chicago,1160751,1677,4,3,16.367608495590705,1932,1
172,New York,1005667,511,1,4,0.8027771817073304,1912,0
173,Phoenix,416915,4899,4,5,17.79826752725725,1977,0
174,New York,599876,3864,1,1,19.839254944772865,1987,0
175,San Diego,1794164,3522,5,4,5.881349243535556,1997,1
176,New York,711213,3871,2,4,4.206371125715873,2007,0
177,New York,868734,3330,5,4,15.307267277160815,1925,1
178,Los Angeles,1214934,542,3,3,5.060526818405064,1920,0
179,Los Angeles,1559119,1443,3,2,17.31124766344407,1927,1
180,Philadelphia,147057,2890,3,1,2.056851843149534,1947,0
181,San Antonio,1416870,3045,5,5,2.519103927587165,1999,0
182,Phoenix,1939433,2911,4,5,19.583031102012313,1939,1
183,New York,354726,1504,2,2,13.476777965400093,1965,1
184,New York,378176,520,3,4,16.937744488579057,2005,1
185,Chicago,1675062,906,3,1,6.486587547030361,1972,1
186,Los Angeles,808754,1514,3,5,13.529674990412088,1986,1
187,Phoenix,1037583,4931,2,5,11.884836546171943,1978,0
188,San Jose,1315868,2338,3,4,12.06300240245894,1976,1
189,Philadelphia,244931,3688,2,2,13.650649190754432,1922,0
190,San Antonio,1592252,1214,3,1,11.50718346258197,1980,0
191,Houston,262491,4646,5,2,8.581247386053318,1947,0
192,San Antonio,1529585,4354,5,2,5.518453887610937,1901,0
193,San Diego,501921,4919,2,1,15.37162661826404,1983,0
194,New York,360910,640,5,1,4.525448600063724,1919,1
195,Philadelphia,1171812,1463,2,5,13.847086123088284,1958,1
196,San Diego,187955,872,5,5,4.666656452986533,1945,0
197,Phoenix,1889450,4135,5,1,12.506603399089078,1902,0
198,Houston,727433,3041,2,3,14.941565342580578,1954,1
199,Los Angeles,1819294,4110,4,5,4.374277778130784,1911,1
200,Philadelphia,1379361,2192,5,3,1.1988660172261656,1939,0
201,Philadelphia,1243490,605,3,1,2.6194748598834816,1965,1
202,New York,307990,2181,4,5,12.119939345420509,1999,1
203,Dallas,478387,4597,2,2,16.98892812451471,1977,1
204,Philadelphia,638884,4516,4,1,0.8999364247084873,1915,0
205,Chicago,1096261,3136,1,4,14.683025180832924,1982,1
206,Houston,1805215,2637,1,3,6.8263729190010425,1933,0
207,Houston,1342845,3916,5,1,9.57056739839045,1943,0
208,Chicago,492417,4945,5,1,18.577190996911312,2009,0
209,San Jose,1080020,4030,3,5,6.639430094716909,1905,0
210,Chicago,238155,1786,4,5,9.30673867878972,1976,0
211,Chicago,1269250,3679,1,5,0.2736482952136221,1963,1
212,Houston,1006739,4154,5,4,1.6319744000967673,1999,0
213,San Antonio,1930393,2859,4,5,5.1718318226956805,1921,0
214,Houston,1913333,944,5,1,0.5570448164214881,1917,0
215,Dallas,1405289,535,5,5,12.627506520965019,1911,1
216,New York,1590077,1975,1,2,8.527967136032451,1951,1
217,San Diego,643351,4457,1,5,10.96290405456044,2022,1
218,San Antonio,167642,2298,5,4,3.492943717926591,2017,1
219,Los Angeles,190093,2345,2,2,5.918640588732322,1993,1
220,San Diego,1656182,1908,5,1,13.276489497054502,2016,1
221,New York,317215,2208,5,1,19.306054472607997,1950,1
222,Dallas,1855856,3438,3,3,1.008335472044184,2003,0
223,Dallas,1832465,1800,3,2,17.807686417105323,1970,0
224,Los Angeles,135954,1743,3,3,11.537624026224169,1995,1
225,San Antonio,1176432,4476,2,2,11.278391335112474,1947,0
226,San Jose,626861,3597,2,2,10.005570704155208,1918,0
227,Chicago,659655,509,5,4,1.3878817180836678,1905,1
228,San Antonio,595553,2925,3,3,1.7975370347232134,1983,0
229,San Jose,862092,2160,2,4,12.018240113181722,1926,0
230,Dallas,986040,3131,1,2,6.819171428711166,1952,1
231,Houston,422918,1572,5,1,18.34536133155361,2006,0
232,New York,1172328,3725,4,2,8.131810747189444,2000,1
233,Los Angeles,941461,1816,5,4,2.8656291740528217,1947,1
234,New York,248757,4645,4,3,14.29437667004072,1906,0
235,Phoenix,1462413,4183,3,3,5.867068428820197,1958,0
236,Phoenix,216739,3773,4,4,10.509406147117863,1968,0
237,San Antonio,1990969,645,3,3,13.956655710103401,1910,1
238,Dallas,1386585,3540,1,5,18.00528222404141,1914,1
239,Dallas,880316,1962,4,1,15.843823896033522,1963,1
240,Chicago,1356556,2084,5,1,13.527221357454483,1902,0
241,Chicago,1405185,982,3,1,13.59266364790287,2021,0
242,Chicago,1537398,3679,5,3,18.91849288064173,1968,1
243,Houston,436676,1749,2,3,5.916481949930721,1922,0
244,San Diego,1492714,1130,3,2,0.02224188392374815,1952,0
245,Philadelphia,1466853,1161,4,2,5.439091187963974,1936,1
246,San Diego,1114929,4003,3,1,4.35782759253488,1908,1
247,New York,1666847,3352,5,5,13.236691702279963,1914,0
248,San Diego,423412,2966,1,2,12.674231995310581,1902,1
249,Houston,585417,1487,3,2,11.869227654094477,1992,0
250,New York,1580035,2046,4,3,0.324868864189074,1969,1
251,San Diego,288456,1149,2,5,14.57556108901295,1916,1
252,Houston,655941,1468,1,1,6.47060824970983,1925,1
253,Philadelphia,1306305,3137,2,2,13.301119780132622,1920,0
254,San Diego,328504,1600,3,5,11.131568570043067,1971,0
255,Houston,1794693,940,5,5,6.8546185085581435,1920,1
256,Chicago,752665,1269,5,1,2.691525342082155,2020,1
257,Dallas,1674486,1843,4,5,1.888377953209619,1910,1
258,Chicago,673044,4858,5,5,16.63036666224447,1937,0
259,Dallas,1189385,4229,1,5,18.36795084163116,1971,1
260,Los Angeles,1689589,4406,5,2,12.995760935285992,2005,1
261,Los Angeles,816756,2077,4,1,2.0686822972096675,1987,1
262,Los Angeles,151226,4508,3,5,8.040544337764814,1934,1
263,Philadelphia,599512,3851,3,5,14.578784002103145,2018,0
264,Chicago,1754046,2849,5,2,15.596417680201363,1913,0
265,Dallas,1624357,4102,2,1,2.364372445821772,2018,1
266,Houston,1177978,1741,3,3,0.0006143769076483174,1913,0
267,New York,1152839,1625,5,2,14.2427409176121,1909,0
268,Houston,1140993,3101,4,1,7.131923519724113,1911,0
269,New York,1900459,1690,5,5,5.089626632365205,1937,1
270,Phoenix,1326476,4631,3,1,0.2579493957905088,2007,0
271,Houston,672212,4948,4,1,10.805988135229994,2018,0
272,San Diego,436326,572,5,1,17.023014708519636,2009,0
273,San Diego,324137,2414,1,3,19.15263292545176,1933,1
274,San Antonio,1600844,2972,4,1,11.314899012265784,1940,1
275,Chicago,1029168,3546,1,3,10.289226554797883,1909,0
276,New York,1446457,1207,2,5,1.701127709784822,2021,0
277,New York,463476,2304,4,3,10.977456030851995,1916,1
278,Chicago,1500283,4213,1,5,7.599581579307893,1916,1
279,Philadelphia,1833309,3064,3,5,12.142705617671538,1966,0
280,San Antonio,1659161,2975,3,3,7.774526957530934,1961,0
281,Philadelphia,791757,4110,2,2,4.8059824690073345,1994,1
282,Philadelphia,490719,4755,4,4,1.89930550456753,2014,1
283,Philadelphia,1627937,3323,4,1,6.298368891777915,1900,0
284,Chicago,1249947,2235,4,4,1.9328966857550456,1911,1
285,Philadelphia,662997,2085,2,1,3.5379390164796787,2002,0
286,San Diego,1133578,566,4,1,19.74672317159092,1903,0
287,Los Angeles,1340768,3561,3,5,8.882071138132373,1941,0
288,Phoenix,1298898,2928,1,1,10.637435330100331,1912,1
289,New York,121172,4653,3,1,17.472370574744307,1997,0
290,New York,635843,841,3,3,19.911378009813756,2005,0
291,Phoenix,1096121,3274,1,4,11.654288986893631,1984,1
292,Chicago,1726140,3317,3,3,16.249476420883433,1985,1
293,Houston,681780,3161,2,1,6.538820486733505,2020,0
294,Chicago,808362,1732,1,5,6.114879148945822,1903,0
295,New York,613319,4374,3,3,8.054074419891204,1981,1
296,New York,880298,2901,5,3,13.450145253472982,1968,1
297,Phoenix,976031,1994,3,2,13.643833785101975,1918,1
298,Philadelphia,1370896,4711,2,1,6.304788692989016,1901,0
299,Chicago,1566554,1161,4,5,2.6641984827325738,1911,0
300,Dallas,1159622,4383,3,3,12.64792512931017,1980,0
301,Phoenix,328071,4119,4,3,2.5665172437752903,1973,1
302,San Diego,478165,2368,5,5,11.569850164586601,1997,0
303,New York,808662,2834,3,1,13.86844256112618,1905,1
304,Phoenix,516366,3874,1,2,14.012229927889033,1907,0
305,Chicago,1415573,1516,4,3,15.069442213191934,1950,1
306,New York,1112117,4906,5,2,17.45718843131329,1910,0
307,Houston,745188,707,1,4,9.999179839295769,1962,0
308,Phoenix,1631191,3165,1,1,14.604983790591424,1956,1
309,San Antonio,515008,2993,1,4,12.383454707316734,1911,1
310,New York,1731993,1132,1,4,3.7327987959536513,1972,0
311,Chicago,1909955,2602,3,4,0.5137928973881634,1901,1
312,Los Angeles,1354126,3459,3,1,5.690827713538676,1907,1
313,Dallas,344883,3583,3,1,8.860674126752388,2021,0
314,San Jose,1786994,2431,5,5,12.342118888573125,1910,1
315,Philadelphia,1609090,4219,5,2,16.999186610064108,1952,0
316,San Jose,1049491,3062,5,2,3.924914334123313,1999,0
317,Chicago,771210,2179,2,5,2.510995797969542,1909,1
318,San Diego,1029616,736,5,5,19.26959894948655,1984,1
319,San Diego,1270365,4943,3,4,2.1608911875281422,1983,0
320,Los Angeles,779418,2040,3,5,9.569821402143784,2011,0
321,Philadelphia,800780,4443,2,3,11.711274575866037,1907,0
322,San Antonio,1711754,863,2,2,10.827488418148764,1935,0
323,Los Angeles,1214593,2868,5,5,1.720643140658864,1992,0
324,San Jose,1326952,785,4,3,1.1405382800723873,2005,0
325,Los Angeles,1836857,648,2,3,2.1096685492207135,1975,1
326,San Jose,599137,4537,1,3,11.71175367745225,1913,1
327,New York,756884,2266,3,3,10.886897752686423,2011,1
328,San Diego,724712,1512,1,4,4.674815840734885,1953,0
329,New York,1950056,3331,3,3,12.755482836911831,2013,1
330,Dallas,793264,3007,3,4,16.401350041112988,1984,0
331,Philadelphia,941344,2023,2,4,0.8315791969318753,1985,0
332,San Antonio,1706872,3285,2,3,9.962598870960848,1920,1
333,San Jose,1541852,3056,1,2,13.786208242053807,2007,0
334,San Antonio,1878602,4225,3,3,5.046238541393741,1949,0
335,San Jose,707847,2101,1,3,6.1554181058629815,1993,0
336,Chicago,1203913,2908,4,3,12.272758059787677,1938,0
337,Los Angeles,997048,840,1,2,17.958705868874738,1919,0
338,Dallas,1424070,3317,5,1,16.198488406057987,1987,0
339,San Diego,1172930,2996,1,1,11.66260438199167,1986,1
340,San Jose,1193762,2225,5,4,14.604434355144985,1906,0
341,San Antonio,652433,2189,5,4,7.2964494041559735,1908,0
342,Dallas,527236,3767,5,2,12.819310561975154,1900,0
343,Houston,1758987,4906,4,5,9.323631822551139,1925,0
344,Houston,1648459,761,1,1,3.7987227291512182,1937,1
345,New York,1879122,1942,1,4,14.034765477545143,1937,1
346,San Diego,840829,905,4,1,11.12929274697644,2017,0
347,Chicago,1693445,2690,3,2,7.172431639071828,1960,0
348,San Antonio,1761793,4937,2,2,18.226783801572616,1943,0
349,Los Angeles,385195,743,1,5,0.41868235653466535,1985,1
350,Los Angeles,675762,4607,2,5,6.315463024989921,1943,1
351,San Antonio,716036,1060,4,2,1.1376279555529312,1973,1
352,Philadelphia,1274571,4637,3,4,15.330546324432543,2018,1
353,Chicago,1394266,3225,3,1,14.042149082275852,1961,0
354,Dallas,1480346,1093,3,3,6.62704437472634,2021,1
355,San Jose,893392,2326,4,5,13.51325804414146,1905,1
356,Philadelphia,528988,3729,5,3,7.918744523918997,1916,0
357,San Jose,280553,3787,5,4,15.125075828448686,1950,0
358,San Jose,660696,4573,2,5,9.083673254734121,2013,1
359,Philadelphia,980438,633,5,3,8.24559455663331,1937,1
360,New York,1408144,3638,5,4,18.694598309766018,1923,1
361,Houston,419278,4419,3,1,5.017581997814005,1950,1
362,San Jose,1300139,572,3,4,2.4089467999313086,1909,0
363,Philadelphia,1805277,4994,2,5,11.690862265189164,2019,0
364,Philadelphia,799983,4725,1,2,19.386436245683576,1971,1
365,Phoenix,1763191,3478,2,1,7.556784274543733,1920,1
366,New York,493554,4861,2,3,1.2407352725756304,2019,1
367,San Diego,1351079,2485,4,5,6.7861053461913485,1969,1
368,Phoenix,1291902,1292,4,2,10.118633086391169,1984,1
369,Phoenix,1855796,4759,2,4,3.238460132644274,1956,0
370,San Antonio,1159920,594,2,2,13.16204436112984,1938,0
371,Houston,494966,1633,2,5,19.95498778020401,1987,0
372,Philadelphia,1740821,737,5,5,9.034789519628877,1932,1
373,Houston,205423,3446,4,2,7.094571134604253,1958,1
374,Chicago,420197,3030,2,4,8.014083336689332,1917,0
375,San Antonio,564071,2460,3,2,2.3029235679040228,1955,0
376,San Diego,771256,1548,3,5,17.665472028524476,1991,1
377,Houston,286833,3029,5,5,8.296513110427039,1956,0
378,Los Angeles,817912,3464,5,3,7.745488228496827,2015,1
379,San Jose,875435,1463,1,3,13.193805458609486,1995,1
380,Chicago,177454,1036,1,1,8.84066841862247,1975,0
381,New York,1406170,4723,1,5,12.964669376156921,1947,0
382,San Diego,1660473,4179,5,3,1.2289258026157501,1941,0
383,Chicago,1501320,4687,5,2,16.27446687444455,1926,1
384,San Jose,1009164,4224,5,4,18.81007905758805,1973,1
385,San Antonio,1664718,1042,3,2,12.975307723187719,2009,0
386,San Jose,1045439,1345,5,4,19.091318577176214,2020,1
387,Phoenix,137641,4103,3,3,3.028646287399266,1951,1
388,San Jose,1702575,3536,1,1,9.548323789607075,1941,1
389,Phoenix,1517616,2994,1,2,12.036134678908946,1931,0
390,San Antonio,1816118,4985,1,2,11.634732948423734,2005,1
391,Dallas,712121,3219,2,2,8.029235581780865,1925,0
392,Phoenix,418420,2384,2,4,6.761688187325228,1924,0
393,New York,381685,4638,4,3,2.536480451008376,1974,1
394,San Jose,1624102,4849,4,2,7.834849011245564,1922,0
395,San Jose,1193389,3701,4,2,3.2532163021097027,1997,1
396,New York,1841134,3210,2,1,14.687313529844367,1956,0
397,Los Angeles,764180,2453,2,1,4.1766187098918,1951,0
398,Philadelphia,386214,4350,4,3,1.171306105690677,2003,1
399,Dallas,1028626,1189,4,3,11.047322756344686,1986,0
400,San Diego,442703,2450,5,5,11.904594654388031,1992,0
401,Phoenix,304615,956,4,1,17.43826122561011,1930,0
402,New York,1625233,2630,5,5,11.539632248353637,1963,1
403,San Antonio,1714650,4476,3,4,6.9096170744689145,1970,1
404,Phoenix,1898870,4744,2,5,16.06023763052641,2003,0
405,Philadelphia,1903740,1679,4,2,10.805577863748422,1932,0
406,San Antonio,499953,4785,2,5,1.5856056926238349,1984,0
407,Chicago,1971070,4065,2,3,11.317011206264933,1901,1
408,San Jose,1071741,1382,2,4,18.160370908433247,1917,1
409,Chicago,938003,899,3,2,7.926252509964411,1946,0
410,Phoenix,1436230,1108,1,5,5.926516037996001,1932,1
411,Philadelphia,381570,2138,4,4,2.869389140360401,2000,1
412,Dallas,1185841,2648,1,4,3.0289104387071464,1997,1
413,Phoenix,1397897,1882,1,2,8.655429686836378,1983,1
414,New York,166150,1903,1,5,11.913596483230592,1934,0
415,Houston,1760176,1319,2,4,1.612308103392035,1950,1
416,Phoenix,1238189,3792,5,4,18.791371780503315,2013,1
417,San Jose,437054,1319,2,1,15.10267234890392,2017,0
418,San Jose,1987383,919,2,4,11.732478365673254,1917,0
419,Phoenix,221826,4719,1,1,16.568773418779816,2009,1
420,San Antonio,659723,3802,2,5,1.6037351362422658,1987,1
421,Houston,550348,2008,1,5,9.536777554662487,1971,0
422,New York,1358593,1267,5,5,12.601862537233268,1929,0
423,Phoenix,1099554,2544,4,3,16.573058122365786,1943,0
424,San Antonio,234055,2639,1,5,15.669391200985354,1952,1
425,San Jose,590457,3529,5,4,5.541384994267993,1909,1
426,San Jose,776022,2049,4,2,18.817603391184086,1986,0
427,Philadelphia,909942,2264,3,1,2.486916828617407,1951,1
428,Phoenix,1882123,3145,1,3,17.502672372423042,1948,0
429,Houston,796358,4216,1,5,19.418804992092372,1910,1
430,Los Angeles,1598638,4981,3,5,3.5430704644525113,1965,0
431,Houston,1242647,2793,3,2,14.441321284075705,1957,0
432,San Jose,1941648,3208,1,2,0.8057103755599693,1989,1
433,San Jose,1455267,1400,3,3,8.108456502783099,1935,1
434,Chicago,941052,3584,2,1,10.325665983953481,1932,1
435,San Jose,246389,2509,4,5,11.612904518192682,1946,1
436,New York,1788472,741,4,3,18.71874496497119,1912,1
437,San Diego,369708,2885,4,4,13.445013745883895,1939,1
438,Phoenix,1831281,4768,2,4,9.62555902438474,1988,0
439,Houston,738112,1171,3,3,16.193500725317787,1967,1
440,San Diego,1111727,663,5,5,19.01065641908818,1941,0
441,San Antonio,354444,964,3,3,0.44132297364581685,1918,0
442,Los Angeles,703561,3542,1,5,19.650425445120774,1981,1
443,New York,961291,2942,4,2,1.7226427812736067,2000,0
444,Houston,311837,2855,3,3,16.287735585375227,1993,0
445,San Diego,210017,4778,5,5,5.60669505102825,1918,1
446,Los Angeles,223618,3057,1,3,2.643593155077435,1957,1
447,Chicago,559297,1045,2,3,8.797112794276698,1922,1
448,New York,1273917,4335,2,5,12.879131588952271,2022,0
449,New York,1120154,1093,5,5,7.6190369004695,1953,1
450,Chicago,915862,4304,1,1,1.0913081656539791,1979,1
451,Phoenix,1879468,1959,4,3,11.989222793174331,1964,1
452,Chicago,652076,3993,3,4,18.048065522213495,1911,1
453,New York,850865,3101,1,3,7.664307318945034,1923,0
454,New York,541759,2944,2,3,4.326655552616541,1933,1
455,San Diego,982554,3172,5,5,8.851546918656307,1952,0
456,San Jose,1712838,4700,5,3,0.9672542209756174,2020,1
457,Los Angeles,993741,516,3,3,16.409751689605496,1907,0
458,Chicago,640659,3691,5,4,16.526816219003734,1917,0
459,Los Angeles,1980092,892,5,5,11.760009268592569,1956,0
460,Chicago,522845,924,1,3,7.062057778767789,2011,1
461,San Antonio,806544,1071,4,2,15.995667288915667,1904,0
462,New York,424060,4131,3,1,11.093740495767344,1925,1
463,San Jose,1746836,1620,1,4,16.518646171000324,1929,1
464,San Diego,1341835,741,4,3,12.629175851660413,1953,1
465,San Jose,375128,4397,1,2,15.688109464255946,1912,1
466,San Jose,919471,4595,1,3,11.971259864355199,1982,1
467,San Jose,709719,2779,5,3,8.282821364313325,1928,0
468,Los Angeles,970123,1288,4,5,19.15891719852275,1902,1
469,Chicago,945038,1214,3,5,10.822276497576894,1989,0
470,Dallas,1552408,3349,3,5,12.101790370810768,2003,0
471,San Antonio,989097,1275,4,2,4.409752788294985,2022,0
472,Houston,1778237,4526,5,3,12.51301578854553,1957,0
473,San Jose,1329720,2747,2,1,11.432152989658878,2021,0
474,Phoenix,1959582,578,1,4,3.696767958940499,1975,0
475,Los Angeles,350195,4426,5,5,1.1917419470628743,1901,0
476,San Diego,1292324,1355,4,5,12.087186394295422,1974,1
477,Houston,1552608,2648,1,3,15.27384538700641,2007,0
478,Dallas,132733,1531,3,3,10.468027418440165,1927,1
479,Phoenix,1889616,3771,2,2,4.5354525063929145,1981,0
480,Dallas,626338,4076,3,2,13.330439533860698,1976,0
481,Houston,209996,4682,4,5,1.602114532192045,2000,0
482,San Jose,658221,3956,1,3,8.836674096039092,1985,0
483,Phoenix,649239,4006,4,1,3.2673351679684037,1975,1
484,Dallas,656701,907,1,4,3.689181021197667,1901,1
485,San Diego,1314449,3211,5,3,4.045878983164073,2000,1
486,Chicago,1859555,3588,2,3,7.734141140879558,1906,0
487,New York,1050417,2168,5,2,1.0230041124079525,1925,0
488,Chicago,999005,647,5,4,7.955868818581964,1989,0
489,Houston,1136580,4827,4,5,10.234148942294016,1987,1
490,Los Angeles,533816,4397,2,3,9.665885699326504,1975,0
491,New York,1861711,2450,1,5,7.655682008060811,1915,1
492,San Antonio,1370464,865,1,3,16.78293216141505,1922,1
493,San Diego,885332,2174,3,5,2.906533848410082,1939,0
494,San Antonio,1894029,4994,1,4,10.113934875627479,1959,0
495,Phoenix,867950,3046,4,2,1.240828339131086,1972,1
496,New York,266472,1062,5,4,1.423113577558195,1931,1
497,San Antonio,497710,4062,5,1,11.477316993541926,1914,1
498,San Antonio,311760,2989,5,2,11.32036849775642,2000,0
499,Dallas,222744,1272,2,4,17.56067025688914,1912,0
500,Chicago,1878627,2537,1,1,11.157473513201463,1904,0
501,Dallas,1650522,3923,4,3,19.195820408097003,1974,0
502,New York,1191577,3067,2,3,0.9738969679985954,1973,0
503,New York,691652,2073,3,5,1.9601536956148213,1951,0
504,Houston,1011420,4194,4,2,0.8813172314076279,1976,1
505,Dallas,931460,3791,4,3,3.7055370066708004,1940,1
506,Philadelphia,338506,1746,4,2,10.825402218833561,1952,1
507,Chicago,853019,4219,5,3,12.911443628548561,2009,0
508,New York,530789,4339,4,5,0.911703158973376,1949,1
509,Houston,1804742,859,1,4,18.919417796911986,1914,0
510,Dallas,1010775,2876,4,5,16.84330753300762,2005,0
511,Chicago,1860574,3509,5,1,5.932249643141862,2019,1
512,Dallas,1801165,3493,4,3,1.5437506045293592,1906,0
513,San Antonio,1012727,1462,3,1,3.3977414643811454,1939,1
514,Houston,599722,4132,3,1,2.5388882750994535,1927,1
515,Chicago,1833693,2327,5,2,2.465675585978937,1931,0
516,San Jose,658924,2113,1,3,10.371233773314678,1998,1
517,Phoenix,1884033,2140,1,1,4.916948849868006,1914,1
518,Phoenix,279352,2716,2,4,7.162794330582889,2011,1
519,Chicago,910694,4812,5,1,19.790106667686448,1999,1
520,Dallas,293283,877,4,4,13.686284978506896,1984,0
521,Houston,1072346,4714,5,2,18.979613340940027,1969,1
522,Phoenix,1015015,4785,2,1,2.851131100662312,1964,1
523,Houston,1598771,869,5,5,7.642789496651385,1903,1
524,Phoenix,1918460,2696,5,2,11.094636065647085,1910,0
525,San Antonio,1098974,4247,2,4,1.5351612377747603,2007,1
526,Dallas,531413,1151,1,2,0.0837488725591573,1925,0
527,San Antonio,1452564,1269,4,1,13.40868667593835,1960,1
528,Phoenix,426898,2921,2,3,12.836390336028707,1936,1
529,San Jose,1051661,1280,3,3,8.215776199992234,1922,1
530,San Jose,963561,2216,1,4,9.792881520640652,1992,0
531,San Antonio,402186,4483,3,4,8.308860011841793,1984,0
532,San Jose,1210241,1811,1,3,0.48010089689777713,2011,0
533,Phoenix,1395160,3859,4,4,6.707432124349248,2008,0
534,Chicago,1265529,1022,4,2,3.5416451079457967,2008,0
535,San Antonio,576072,1021,5,5,1.9684837820273748,2012,0
536,Los Angeles,1831312,2820,3,5,19.134408677786997,1990,1
537,Dallas,1126553,1435,1,2,11.987194500843312,2002,0
538,San Jose,1335202,2730,4,5,14.573125684732053,1939,1
539,San Jose,245271,4540,2,1,6.30727486532235,1976,0
540,New York,218533,4197,4,2,7.862942589880304,1922,0
541,Philadelphia,1068452,3337,2,4,4.73847987793447,2022,0
542,San Antonio,1746645,4583,1,2,1.9393134193084949,1915,1
543,San Diego,1614542,2961,4,3,3.580632748831676,1993,0
544,San Jose,166262,3743,4,4,15.950280905929716,1960,0
545,Dallas,933032,3859,1,3,13.550916103675517,1967,1
546,Los Angeles,176898,1185,4,4,10.938577519709538,2003,1
547,San Jose,555699,2660,2,5,9.50179745733536,1979,1
548,Los Angeles,1297945,4488,4,2,18.44868567312249,1930,1
549,Phoenix,654736,4566,3,1,1.454698955573368,1952,0
550,Phoenix,388316,2067,5,4,5.612016264758319,2005,1
551,Philadelphia,1156233,538,2,4,6.998757071414281,1924,0
552,Chicago,577602,3044,3,3,15.648516244255756,1943,0
553,San Diego,1929553,1756,1,5,19.850292403239425,1911,1
554,New York,1044189,3490,2,3,4.813410295143061,1989,0
555,Philadelphia,1139504,2696,5,3,17.486146682741612,2000,1
556,Houston,474999,3968,5,5,16.612455208635826,2011,0
557,New York,1832767,3208,1,1,4.493147952835333,1996,1
558,San Antonio,107906,801,1,3,7.986651603984452,1991,1
559,Dallas,1472133,1146,2,3,8.193457385850383,1908,1
560,Houston,1726892,2259,4,4,19.564413370531167,1911,1
561,Houston,893719,4851,1,5,3.6178380275779665,1968,1
562,Philadelphia,1444380,1097,4,2,15.98315942209564,1953,1
563,Chicago,1617550,1161,3,1,6.683854283462198,2015,0
564,Philadelphia,946936,4830,5,1,14.617406915523208,1953,0
565,San Antonio,815080,1868,4,5,8.400220085913258,1927,0
566,San Jose,1775843,3081,5,4,11.5671952623308,1955,1
567,San Jose,134701,4368,4,4,16.652235466522622,1998,0
568,Chicago,1231876,4037,3,5,16.083311299677682,1968,1
569,San Antonio,865537,4808,1,4,17.328463670794005,1997,0
570,Chicago,1821610,782,3,1,1.1923465068931804,2009,0
571,Los Angeles,183560,4178,1,1,13.841011060794896,1997,1
572,San Jose,342615,1986,1,2,2.7997475344352574,1976,0
573,Houston,143642,4582,5,5,8.316371360368219,2002,0
574,San Diego,617083,4683,3,3,10.97176830109377,2005,0
575,Dallas,591036,960,4,3,8.054789694936614,2008,1
576,San Antonio,427304,2825,3,2,10.39223351606015,2011,0
577,New York,1952610,4254,5,2,19.930526175972382,1957,1
578,Chicago,465464,2968,1,4,2.7043462742570945,1977,0
579,Dallas,713089,2224,5,2,13.509120906728512,1974,0
580,New York,1436651,1876,2,2,7.920019327712304,1941,0
581,Dallas,1242953,3243,2,3,2.6601959781465756,1937,0
582,San Diego,1964200,1014,4,4,3.1747352674861906,1967,1
583,New York,1981550,1202,5,2,18.98546212491234,1952,0
584,Philadelphia,1977528,2153,4,2,17.592029934235242,1932,1
585,Phoenix,426916,2566,4,4,18.140839208300438,1970,1
586,Philadelphia,1600554,522,2,5,19.83065551654773,1955,0
587,San Jose,412250,2960,4,4,4.166307800170359,2004,0
588,Phoenix,705409,1804,2,3,7.1087867472812345,1971,1
589,Philadelphia,1174135,3800,1,5,13.384380598497334,2000,1
590,Phoenix,992027,861,5,1,9.676050797212945,1950,0
591,Phoenix,658030,4227,4,4,8.36779066756667,1973,0
592,Houston,956101,1784,2,3,7.156224986711861,1942,0
593,Chicago,1825690,1014,3,5,11.875612638869043,2020,0
594,Chicago,1283620,948,4,4,11.51186857280164,1914,0
595,Houston,1260793,2355,1,2,3.2291566812848016,1937,1
596,Dallas,1714737,4062,1,4,9.43479675036878,1914,0
597,Los Angeles,992964,3020,3,1,11.069435524196997,1904,0
598,Dallas,503119,3581,2,4,11.40573877462781,1992,1
599,New York,758380,1928,4,5,4.202143858247036,1982,0
600,New York,1976763,4467,2,5,14.845427845045736,1953,0
601,Phoenix,1235564,1422,1,4,0.5039818964213927,1950,1
602,Philadelphia,669936,3637,2,5,7.096637110863253,1909,0
603,Philadelphia,225991,2659,1,2,15.604252970712672,1911,1
604,Chicago,502732,3047,2,4,11.277858421108046,2017,0
605,San Antonio,606079,3479,3,2,5.223248650217204,1903,0
606,Dallas,626684,2781,5,2,13.899062386860955,1994,0
607,San Jose,1232658,3149,3,3,11.347818883121468,1917,1
608,San Diego,228322,813,3,4,15.924872189127743,1979,1
609,Philadelphia,756951,3113,5,5,14.700503723796468,2003,1
610,San Diego,111303,3583,5,2,12.202158440724693,1935,1
611,Phoenix,1310209,2756,4,3,9.76355350621628,1924,0
612,San Diego,1482439,1537,4,4,2.663642513350468,1986,1
613,San Jose,1398266,3989,3,4,5.226660357707676,1975,1
614,Houston,1109612,3134,3,1,8.381989458341705,1997,1
615,San Jose,1932684,4483,1,1,11.985985740127774,1935,0
616,San Diego,199616,2278,1,2,10.274157104306097,2000,0
617,San Jose,1010597,4395,4,1,5.76369051919059,1966,1
618,Los Angeles,1234807,1624,4,2,0.12928715579421102,1908,1
619,Phoenix,369458,1197,1,5,9.924784438016278,1960,0
620,Dallas,1168199,2679,1,2,5.712519771244862,1952,1
621,Houston,823035,1904,2,1,14.692166014210702,1917,1
622,Philadelphia,590042,1543,2,5,0.4789253054096698,1942,1
623,New York,558298,2429,1,1,11.696556226115817,1934,1
624,Dallas,1147343,1513,2,2,18.82948475012131,1962,0
625,New York,1625416,726,5,3,3.48818534222999,2020,0
626,Phoenix,205228,2328,4,4,9.432989815011908,2018,0
627,Houston,526346,2523,4,1,1.8284398363427634,1997,1
628,Chicago,1855692,2952,1,2,12.513638245227053,2004,1
629,Philadelphia,984056,2585,3,5,11.010633611924511,1977,0
630,Los Angeles,1830228,4783,1,1,8.147310484256646,1903,0
631,Chicago,1669123,1580,2,1,10.427540429474824,1992,0
632,Phoenix,1217850,2820,3,4,17.931493169380204,1940,1
633,Dallas,1282117,3690,2,2,3.9258860462213407,1944,0
634,Los Angeles,1202523,3130,5,3,0.4512902341069447,1949,1
635,San Jose,1826470,3063,2,5,17.23329769398202,1978,1
636,San Diego,1343268,3792,5,2,11.54234164775813,1927,0
637,Los Angeles,148874,4086,5,5,17.81316910923685,1941,0
638,Phoenix,1722572,4931,2,1,11.938904468263452,1979,1
639,San Antonio,1223129,3447,2,4,16.20322179919405,1975,0
640,San Diego,692632,4459,5,4,8.593467267102959,2015,0
641,New York,1984146,3313,3,3,14.997198625765375,1968,1
642,Philadelphia,809662,3083,5,4,18.26082933779712,1997,1
643,New York,671926,661,4,1,11.442459274444126,2005,1
644,Los Angeles,1226825,1093,5,3,3.6157030112475907,1900,1
645,New York,627007,3759,3,2,5.375952300603963,1938,1
646,Phoenix,778250,4655,4,4,3.9728915379481156,1995,0
647,San Jose,570452,3462,1,3,4.937140551914658,1989,1
648,Dallas,1578301,4388,1,1,6.128308987020727,1916,1
649,Philadelphia,142534,3890,3,5,11.10267573506377,2011,1
650,New York,595518,1163,5,5,11.759832589276655,2022,0
651,New York,716529,1632,2,1,8.529994944837222,1990,1
652,Los Angeles,512003,1041,3,1,12.308415596416708,1987,1
653,Dallas,226209,3474,4,5,1.6314985122273185,1934,1
654,Chicago,542061,1367,4,3,1.7557647411631994,1945,0
655,New York,1337580,2566,1,5,3.436589207153169,1941,1
656,Phoenix,716412,931,4,1,10.361549960806895,2017,1
657,San Antonio,1764523,4778,3,4,4.279893573966271,1938,1
658,Philadelphia,264134,1706,4,2,5.665688069851546,1989,0
659,New York,1224289,3028,3,4,8.006256723459881,1948,0
660,Phoenix,1891199,1669,2,4,16.237322480207595,1961,0
661,Phoenix,588972,1330,1,1,0.27724271825720237,1937,0
662,Philadelphia,1077965,2151,4,5,12.987576404732447,1922,1
663,Chicago,1223994,1636,3,3,13.377530620813706,1921,1
664,Phoenix,1084176,3310,5,4,15.97311560713273,1903,0
665,San Antonio,1276808,975,1,5,18.655058781206264,1948,0
666,Phoenix,620551,3310,2,3,0.40275697898579654,1958,1
667,Phoenix,263038,1826,3,4,3.0756741102643237,1972,1
668,Phoenix,1090049,1519,2,3,17.723425881119862,1967,0
669,San Jose,1030491,2336,2,5,9.170371243740307,1970,0
670,San Jose,1316959,4756,4,2,11.29181277866927,1986,0
671,Chicago,1966583,2948,4,5,13.260544074462947,1901,0
672,New York,1474572,4793,3,1,13.581332089912747,1948,1
673,Phoenix,358722,1783,5,3,18.634808066330166,1987,0
674,Dallas,232079,1159,3,2,19.938988348233394,2003,0
675,New York,302053,2510,5,3,14.403149218618804,2018,1
676,Chicago,700530,898,2,3,5.744424184103016,1994,1
677,Houston,1327165,2233,1,4,17.595048045886873,2010,1
678,New York,1651814,2625,3,1,0.9844182908152321,1930,1
679,New York,1177833,2671,3,3,4.6216170574899245,2010,1
680,San Diego,580488,574,5,5,17.947714349274296,1939,0
681,Los Angeles,535423,3971,2,5,5.123830288787099,1947,0
682,San Diego,1292929,1336,2,4,4.41302119243497,1950,0
683,San Antonio,423390,999,5,1,2.762505862804945,1942,1
684,San Jose,363579,637,2,1,17.18223515293833,1997,0
685,San Jose,1378523,2597,4,5,10.001165183821733,1954,1
686,Los Angeles,1380334,4196,1,2,13.497864061083096,1987,0
687,Philadelphia,1764221,2385,3,4,4.781327681500594,1948,0
688,Philadelphia,1306308,3257,1,4,15.16080842022433,1989,1
689,Chicago,1099701,4420,3,5,15.20011089924197,1979,1
690,Los Angeles,1031011,2400,4,5,6.251960498166003,1956,0
691,New York,1876531,3110,2,2,8.213652660205657,2010,0
692,Philadelphia,1756671,4486,5,2,4.193805548604017,1976,0
693,Phoenix,1587331,1949,4,1,19.531220466458088,1914,0
694,Dallas,238563,1046,1,4,12.912051541168232,1926,0
695,New York,883066,2503,5,4,18.69087761431031,1967,1
696,San Antonio,1654623,2596,2,5,6.067710872582664,1979,1
697,Phoenix,805552,1203,4,1,15.637818259937795,1963,1
698,Phoenix,426032,2903,5,4,15.31717287769484,1993,1
699,Los Angeles,697897,2125,4,1,13.83311303733083,2007,0
700,Chicago,1944085,3831,4,1,19.31277950533601,1929,0
701,San Antonio,872800,3478,2,5,7.871106722126311,1935,1
702,Philadelphia,1402549,3339,3,1,2.614346471795146,1966,0
703,Los Angeles,1431673,3884,5,2,13.434177184881214,1985,1
704,Philadelphia,1525402,3159,2,2,14.586196009544123,2012,0
705,Los Angeles,1662833,2361,4,3,11.501211469176294,1985,0
706,Los Angeles,1827757,3356,2,5,4.136357862667925,2013,0
707,Los Angeles,1579359,1185,3,3,10.089118833387108,2020,1
708,Chicago,1263950,4783,5,2,6.243794731382588,2013,1
709,Los Angeles,649148,2119,3,3,8.54933056333378,2018,1
710,Houston,776555,1931,1,5,12.904371516893278,1948,1
711,Dallas,701763,1375,5,5,14.90429485381669,1975,0
712,Philadelphia,584090,2961,3,1,4.644493818026863,1954,0
713,New York,973698,1865,4,4,8.106507212939068,1984,0
714,San Diego,776787,1743,5,1,5.383231419832583,1955,0
715,San Antonio,1437803,662,5,5,3.9726322772373823,1967,1
716,San Jose,842406,2474,2,2,15.667744399916767,1994,0
717,Chicago,943804,3791,4,2,18.185053888739848,1943,0
718,New York,748074,769,1,1,7.404643713691534,1930,0
719,Phoenix,1061568,1131,3,5,15.025578487475338,1957,1
720,Houston,1680677,1405,2,2,17.93990578728822,1986,1
721,San Jose,1180174,3971,3,5,16.92248421060463,2017,1
722,San Diego,1654510,3753,1,2,3.656267770784518,1952,0
723,New York,1930815,2514,1,5,19.125837630267227,1983,1
724,San Jose,1765970,2141,5,3,7.533528808589249,1978,0
725,New York,389226,704,1,5,6.784813223476727,1922,0
726,Houston,915673,1081,3,5,1.2486265455556067,1927,0
727,San Diego,327286,1340,4,1,9.72347308209766,1915,1
728,Phoenix,537785,2219,4,3,2.180272312818574,1936,1
729,Los Angeles,1160321,3143,5,4,4.97079641854852,1920,0
730,Philadelphia,912461,2797,3,1,6.338852435345627,1978,0
731,Phoenix,1292673,1374,3,4,16.176526469833682,1916,1
732,Los Angeles,332732,1189,1,2,17.50977300791793,2013,1
733,Chicago,1818224,4500,3,4,6.049326349229394,1936,1
734,Dallas,713474,3641,2,5,17.173962424891478,1976,0
735,San Antonio,1024044,1922,1,4,17.14461874739582,1918,0
736,San Antonio,984200,1171,2,1,15.29301900769747,1929,0
737,Philadelphia,313030,1671,5,1,2.9339022803036308,1944,1
738,San Diego,824238,4226,4,4,13.80645693801458,1917,1
739,Houston,1714710,1443,5,1,18.900481291611374,1977,1
740,San Diego,1118652,1949,4,1,13.65080957534314,1961,0
741,Houston,1486652,4237,5,4,6.632336982156679,1935,0
742,San Diego,248554,3039,3,3,10.011586348616625,1999,1
743,Dallas,385555,4459,2,3,12.914500867021072,1983,0
744,Chicago,544191,4760,4,2,10.21140817457007,1951,1
745,Chicago,1602337,2861,1,1,2.3990588346193964,1918,0
746,Los Angeles,1654094,4152,2,4,6.241280893040413,2008,1
747,San Jose,1489517,4170,1,1,16.04792061107265,1943,0
748,Chicago,414451,2253,2,5,17.228360921910348,1906,0
749,Chicago,1020597,2852,2,1,2.7460006543114046,2020,1
750,Phoenix,1432762,2438,5,1,19.04773504797449,1943,1
751,Phoenix,1725794,870,4,3,6.576452356972187,2016,1
752,Los Angeles,872944,4979,4,4,13.246274774614399,1967,1
753,San Jose,1586205,2431,2,1,15.036502919133623,2022,1
754,Philadelphia,868747,924,3,3,16.238924692757667,1933,0
755,Phoenix,324695,1394,3,2,18.914994044518604,1965,1
756,Philadelphia,984315,1097,1,3,6.2583909605764525,1968,1
757,New York,1444476,3562,1,3,17.17012909103109,1954,1
758,Phoenix,1201844,2836,5,3,2.6337380687241407,1909,0
759,Dallas,1581006,2187,2,1,14.100818127071854,1995,1
760,San Jose,1361519,1072,1,1,14.839554590279718,1941,1
761,Los Angeles,1931780,2590,1,2,13.55446482402641,1940,1
762,New York,1570394,4169,2,5,5.04629472270306,1976,0
763,San Jose,808691,4772,5,5,17.460862940304068,2002,0
764,Dallas,673189,2133,1,5,3.3771692674079,1968,1
765,San Jose,1510706,2017,5,2,1.0726958304166168,2021,0
766,Dallas,1343064,4793,4,5,14.349299812238243,1909,1
767,Dallas,1836132,3157,5,5,9.509514304654674,1909,0
768,Philadelphia,490530,4148,3,3,16.98196039917352,2001,1
769,San Diego,1940634,4088,3,1,7.667942821165179,1990,0
770,New York,762784,2037,5,1,3.3655717701542565,1959,1
771,San Jose,1947865,3637,3,3,16.728843849397393,1950,1
772,Houston,341531,597,4,3,10.978192632801434,1920,0
773,New York,1395269,3715,2,3,3.7839158478070978,1907,1
774,San Diego,1094465,4250,3,1,14.407679971728914,1964,1
775,New York,1019484,3657,3,5,10.22227276979001,1991,1
776,Chicago,803650,843,5,3,12.086259644806397,2012,1
777,Houston,1699295,1110,4,2,9.217966764131639,2002,0
778,San Diego,1386936,2227,2,3,16.574179676360128,1977,1
779,Philadelphia,444855,2790,5,4,16.591254313660997,1984,0
780,San Jose,1655979,2354,5,3,14.187776436487724,1929,0
781,San Antonio,1174961,3108,4,1,2.1080275479292454,1984,0
782,San Diego,531374,2579,2,3,16.777077238081375,1948,0
783,Los Angeles,1564811,2824,4,4,13.420259610658196,1908,1
784,San Jose,380783,1677,2,2,13.94048332008599,1916,1
785,San Diego,1234106,1591,4,5,7.259656808077432,1968,0
786,Chicago,1903847,3291,5,3,17.585591123140134,1957,1
787,San Antonio,383707,2249,5,4,14.507432004697149,1956,0
788,Chicago,477816,3175,1,4,2.2518093305838893,1961,1
789,San Antonio,1578236,1281,3,2,8.155560688123254,1994,1
790,Los Angeles,1086420,3548,4,1,17.727607239202833,1951,1
791,San Jose,1550503,2605,1,3,0.9439340339475799,1960,0
792,Philadelphia,1878254,4367,3,4,19.22833239284099,1939,0
793,Chicago,445114,2613,4,2,13.583251366391256,1937,1
794,Chicago,343373,4470,2,5,12.627519552867533,1942,0
795,Dallas,447697,2491,3,4,5.4111851297598275,1962,0
796,San Antonio,1310355,1567,5,2,4.975835774783541,1918,1
797,Phoenix,1318758,2077,1,1,18.841164389771908,1999,0
798,San Jose,1146914,1511,3,1,5.965449084682454,1949,1
799,San Antonio,1865724,2774,3,4,15.510105934379988,1932,1
800,Dallas,1755743,2314,5,4,7.862435964141583,1912,1
801,New York,1056331,2926,4,3,2.7850814156940795,1977,0
802,San Antonio,1386836,4902,2,2,0.214305953907179,2019,1
803,Philadelphia,1023159,3051,5,4,10.885146740305016,1996,1
804,San Jose,1979867,4157,2,3,19.515576370978653,1961,0
805,Dallas,1071129,507,4,3,7.382723876184089,1992,0
806,New York,1987106,3055,3,4,7.143846679860896,1942,0
807,Houston,1819187,975,2,1,6.881832356988841,1948,0
808,Dallas,746701,2711,1,2,10.410876746097168,1935,1
809,Houston,886958,984,1,2,8.813297668485871,2021,0
810,San Jose,430904,2785,5,1,17.59829253454029,2007,0
811,Chicago,1196413,4025,4,4,10.110415834469805,1909,0
812,Dallas,618349,3839,5,2,10.155156763771377,1994,0
813,Los Angeles,884838,3322,5,4,2.767431894411132,1905,1
814,Houston,897968,3424,5,4,19.65479081820772,1956,0
815,Philadelphia,1701405,758,1,3,4.999457817376594,1900,1
816,Los Angeles,179083,782,1,1,1.4672813491920533,1970,0
817,San Diego,658819,2398,5,4,13.262924979504175,1957,1
818,San Diego,1419432,4635,1,5,11.907327403137453,1990,1
819,New York,1514821,3476,4,1,8.302913079854914,1920,0
820,Chicago,1747608,2767,5,2,8.443844677613562,1991,1
821,San Jose,877147,3700,1,3,15.701278420928624,1979,0
822,Dallas,1148382,1112,2,2,3.914252801992981,1955,1
823,Phoenix,754037,1187,5,2,16.405066378897793,2009,1
824,Philadelphia,1940117,4190,5,1,12.974942277900363,1986,1
825,Houston,1138836,1112,4,2,8.379395475590488,2015,0
826,San Jose,1984276,2807,3,4,9.160572331677372,1919,1
827,Los Angeles,1904673,3513,3,2,5.132944143721916,2001,0
828,San Diego,941047,2281,4,3,15.042286653939495,1953,1
829,Philadelphia,706791,3091,4,3,10.257494846105356,1924,1
830,Phoenix,1402922,3196,4,5,6.4170908549968715,1927,1
831,Dallas,709996,4458,3,3,11.921002315219004,1904,1
832,New York,815472,1074,4,2,19.91468904102646,2019,1
833,Phoenix,1775335,2410,1,3,8.705245593131076,1920,1
834,Philadelphia,1144244,4104,5,1,18.413828015572392,1917,0
835,Phoenix,878513,1169,5,3,6.900336798491322,1946,0
836,Philadelphia,1306237,4864,2,4,1.0946541384997177,1969,0
837,Philadelphia,1833951,1783,2,1,4.084842127368578,1956,1
838,San Antonio,260081,1423,5,5,8.373902866553685,1992,0
839,Houston,488590,1625,1,4,4.39269857189138,1918,1
840,San Diego,1865982,2029,3,2,0.00454076436511075,1996,0
841,San Antonio,993093,2094,3,2,18.300030754950544,1964,0
842,Dallas,781503,746,1,2,16.87758822461858,2008,1
843,San Antonio,1154730,4211,3,4,14.845844629738941,1902,1
844,Chicago,777164,2060,4,4,3.3562919129205726,1941,0
845,Chicago,1059192,2900,5,4,2.407271524199721,1920,0
846,San Diego,1212864,2743,5,1,1.352094989447663,1998,0
847,Phoenix,151195,4364,1,1,14.480583775458424,2004,0
848,Houston,382725,2439,3,2,18.576159213757705,1939,1
849,San Diego,545864,3569,2,3,8.61071641826074,1966,0
850,Philadelphia,392231,726,2,2,2.3828134399209633,1924,1
851,Los Angeles,805290,4047,3,5,10.247856414642131,2008,1
852,Houston,264053,764,2,1,6.976638149172603,2001,0
853,Houston,693586,1895,1,4,7.496498486999954,2008,1
854,Philadelphia,1981175,4057,1,1,12.426612483114145,1954,0
855,Philadelphia,1879240,1145,3,4,14.374362265244047,1983,1
856,New York,1585200,3490,2,5,2.212071977463217,1951,1
857,San Diego,1188075,2399,1,5,0.7118046161295277,1943,0
858,Philadelphia,1536536,3004,1,1,19.886606053714296,2008,1
859,Chicago,545485,3272,4,4,4.654566978311037,1997,1
860,Dallas,1842495,1654,4,5,1.0766104981691815,1984,0
861,Los Angeles,1393774,1087,1,2,3.7975065819183995,1955,1
862,San Diego,1616111,2321,3,2,0.7791569269692844,1954,1
863,San Jose,1915861,1485,5,4,7.836217892343433,2011,0
864,Chicago,1769211,4579,5,1,16.048035689026484,1986,0
865,Phoenix,1459507,3848,1,5,6.824888995154412,1969,1
866,Philadelphia,1446208,4331,1,1,8.88366813756733,2014,1
867,San Jose,436585,1741,1,2,13.511735471348775,2016,1
868,Philadelphia,1878599,689,3,5,10.177881401397604,1976,0
869,Houston,122431,1480,4,1,17.228913720426483,2012,1
870,Chicago,1472401,2198,1,3,17.32071350091513,1986,1
871,Houston,1343131,2215,1,4,0.19821390982307285,1972,1
872,New York,747008,3093,2,4,15.560926129663983,1980,1
873,Houston,673441,4636,3,3,9.214672004833478,1965,1
874,New York,368512,4933,1,2,19.776810826073262,1918,1
875,New York,998792,1598,2,5,9.664641517508702,1982,0
876,San Jose,276076,2826,5,4,19.737918907765952,2019,0
877,Philadelphia,1368300,3747,1,3,15.091387224114731,1906,1
878,Phoenix,1729849,1395,1,3,4.972097692266127,2017,1
879,Houston,1985077,2174,2,2,10.767899585739153,1962,0
880,Chicago,1463046,3409,3,2,19.842712789571657,1941,0
881,New York,1781601,1430,1,1,17.150612155038473,1941,0
882,Philadelphia,1884997,4884,5,4,1.947337875824422,1958,1
883,Los Angeles,778758,1223,1,1,14.127439936199922,1919,1
884,San Diego,853753,3440,5,3,6.911591717416261,1972,1
885,San Jose,150861,1589,4,5,0.13964523760696235,1916,1
886,Phoenix,1486617,1435,4,5,8.069619380539992,1926,0
887,San Antonio,1361553,2795,5,2,4.695088434499426,1946,0
888,San Jose,751406,655,3,5,16.37738541040943,1901,0
889,Los Angeles,821001,1570,1,5,6.74661217691531,1962,0
890,San Diego,109078,2458,1,5,16.550473879076343,1961,1
891,Los Angeles,424912,3001,4,3,0.01195877669590617,1999,1
892,Houston,1723911,4719,5,5,6.156383000522383,1918,0
893,New York,958058,4330,1,5,4.823304286155238,1916,0
894,Phoenix,944092,1354,1,5,4.671347221372219,1968,0
895,Dallas,1908322,1139,3,1,1.363732395309254,1938,0
896,New York,1067290,2738,2,3,3.7424854082100345,1981,0
897,Dallas,1543717,2102,4,2,11.110991397712397,2016,1
898,San Diego,315048,941,4,1,5.82722145675489,2017,1
899,Philadelphia,860581,1836,2,4,8.347895646582959,2022,0
900,San Antonio,1790696,4200,1,3,7.537337606943771,1970,0
901,Chicago,1016838,1448,3,3,17.51809849999789,1980,0
902,New York,749438,3873,3,4,18.10597998021031,1938,1
903,Phoenix,1305663,959,4,4,9.859139433117202,1935,1
904,Los Angeles,133320,892,3,4,6.603119006312088,1939,1
905,Phoenix,427025,4438,2,2,2.1360140800472727,1944,0
906,San Diego,715115,2287,1,5,19.0680575876419,1903,1
907,Dallas,1661863,2757,2,3,1.204538898005949,2001,0
908,Los Angeles,464359,1638,5,5,5.953005551365608,1924,1
909,Chicago,1043793,4308,4,5,5.961324023400083,1968,1
910,Chicago,1408507,2954,3,4,6.4080257228042985,1929,1
911,New York,1043187,1966,5,2,3.2857368654481856,1975,0
912,San Diego,506845,4174,3,1,15.663228618473944,1967,0
913,Philadelphia,1996558,1877,1,2,2.4499572393197844,1987,1
914,San Diego,1697690,3097,1,5,12.698133183063256,1928,0
915,Dallas,200734,641,1,2,2.476920534116349,1972,0
916,Phoenix,257702,3159,3,4,1.4107127518591311,1967,0
917,Chicago,854122,1339,5,1,18.18859007371753,1950,0
918,Phoenix,1325811,4118,1,4,3.8025753263741136,1923,0
919,Phoenix,1247087,4417,5,1,16.425003091194085,1913,0
920,Phoenix,1083939,1095,3,5,10.892617422142717,1968,0
921,Chicago,1422373,2404,5,1,1.557130392175392,1917,1
922,San Jose,1831897,780,3,1,19.10896382876135,1941,0
923,Houston,706229,923,3,1,4.9392233398378504,1956,0
924,Dallas,829497,4865,4,2,17.19290690705213,1982,1
925,San Jose,1968670,4749,3,2,3.3762001156912835,1911,1
926,Dallas,198818,2250,3,5,17.078857642837058,1981,1
927,Los Angeles,1073950,2467,2,1,0.2645762581058797,1916,1
928,San Diego,252360,4588,1,3,10.235609131389614,1929,0
929,San Diego,1926491,4678,4,5,15.388851588431136,1987,1
930,San Antonio,719369,3446,4,1,18.695910349855666,1974,1
931,San Diego,661165,1949,4,1,18.18404272412974,1998,0
932,Chicago,473706,2831,2,2,16.392497390952897,1922,0
933,Philadelphia,1032817,2720,3,5,17.763826993226083,1980,0
934,New York,1360533,4289,1,1,3.98439371674153,1900,1
935,San Antonio,172715,3310,5,1,5.683685914234575,1978,0
936,New York,241398,2031,3,5,5.77937049842117,1931,1
937,Dallas,1782955,3490,2,3,7.541078620033977,1908,0
938,New York,1667628,4993,3,5,7.866413407703774,1914,0
939,New York,1281208,1643,3,5,10.89110649309351,1927,1
940,San Antonio,965580,1433,2,3,3.1975952673288277,1923,0
941,Los Angeles,183186,1960,4,5,13.824933275719786,1959,0
942,Phoenix,1835826,3223,4,1,3.35133078609013,1934,0
943,San Diego,1299670,3012,1,5,6.20616964209095,1985,0
944,San Diego,694604,785,1,3,10.06690261212308,1926,0
945,Chicago,1176956,764,4,4,15.928811230469545,1982,1
946,San Antonio,734486,2867,5,5,14.789384664774545,2008,1
947,Chicago,364500,3947,3,2,12.910687128210444,1975,0
948,Philadelphia,170326,2262,5,1,3.115465211603403,1919,1
949,Philadelphia,978879,3548,3,1,10.940906912311554,1964,1
950,Chicago,739282,2881,4,2,1.748930035997709,1984,1
951,San Antonio,320971,2769,1,2,7.547263535933015,1948,0
952,Chicago,906481,540,1,5,8.270330605799183,2008,0
953,San Diego,1617509,567,5,2,0.7962287889150765,1900,0
954,San Jose,1951090,1487,1,4,5.479761989399437,1909,1
955,Houston,1935669,4508,4,3,19.112989345329787,1946,1
956,New York,1317060,3698,5,2,19.07265215659379,2022,0
957,Houston,1131519,3024,3,2,7.0465410850507855,1958,0
958,San Antonio,889352,1585,1,4,0.8620021789664811,1995,1
959,Houston,584410,2979,2,1,3.581898786563631,1961,1
960,Philadelphia,1918242,2193,1,1,7.844355868670803,2002,0
961,Dallas,1490281,2815,3,5,18.955593959384597,1985,1
962,New York,1943954,1278,5,4,2.8239812707436984,1917,1
963,Phoenix,325314,2085,3,3,15.270316873364244,2011,1
964,San Antonio,1587292,1992,2,3,2.1736507874938416,1945,1
965,New York,1908476,1160,4,4,19.62515154782554,1931,1
966,Houston,1951317,1848,1,3,7.6323299821827,1926,1
967,Philadelphia,1728094,1799,5,1,15.504690777981121,1991,1
968,Los Angeles,1640448,4440,4,3,6.851821656222636,1917,0
969,San Jose,616998,2486,3,3,12.553377543176174,2022,0
970,Phoenix,1047531,2544,5,4,3.8403216948007346,1938,1
971,San Jose,1668560,4016,4,4,2.920420385939251,1948,1
972,New York,565757,1558,5,3,18.761282791362625,1992,1
973,Philadelphia,1523060,1476,2,2,18.35294555808867,1981,0
974,Philadelphia,608062,1227,2,4,17.749378804257645,1943,0
975,Houston,1732185,3027,1,5,12.50866900333187,1971,1
976,San Diego,232028,3636,1,5,16.165364224325565,1953,0
977,Houston,331447,842,2,1,1.3807387382274983,1994,1
978,San Diego,960563,1947,5,3,6.695780837813583,1933,1
979,San Diego,1589700,2879,2,2,6.2740624951431245,1970,1
980,Phoenix,1095843,4159,1,1,12.712906439052265,1935,1
981,Houston,1960971,1026,2,3,7.11915546941281,1917,1
982,Los Angeles,726045,2396,2,4,2.970135632873616,1937,1
983,Chicago,1581235,2573,5,5,11.929341508270873,1958,1
984,Chicago,401207,905,4,2,16.28767841338163,1908,0
985,Houston,1524945,2073,1,5,7.642469889199464,2022,1
986,Houston,1527120,4240,5,4,2.645374301969634,1972,0
987,San Jose,1491538,4774,2,3,3.933763946256461,2009,1
988,Phoenix,366847,4727,2,4,4.74966610338768,1971,1
989,Houston,820488,2346,4,4,5.997951859890724,1950,0
990,San Jose,696387,1978,1,5,12.855901410126183,1934,0
991,San Diego,519065,2895,1,2,12.01890969075438,1981,1
992,Philadelphia,787220,1271,3,4,13.921597231340783,1904,0
993,Philadelphia,131585,1078,1,5,7.250039690630263,1913,1
994,San Diego,1563807,3401,4,2,16.479953037599564,1991,1
995,San Antonio,1095043,693,3,3,4.081753223115205,1929,0
996,San Jose,1716449,2507,3,3,9.380814950363078,1903,0
997,San Jose,389102,1685,2,1,16.018774430828607,1938,0
998,San Diego,1436737,2894,2,5,3.603172954652385,1983,0
999,Los Angeles,1535397,3498,1,2,2.197262274815659,1963,1
1000,Dallas,1062854,2292,3,4,17.673679353759795,1924,0
